-- phpMyAdmin SQL Dump
-- version 4.8.3
-- https://www.phpmyadmin.net/
--
-- Хост: 127.0.0.1:3306
-- Время создания: Янв 30 2019 г., 00:13
-- Версия сервера: 5.6.41
-- Версия PHP: 7.2.10

SET SQL_MODE = "NO_AUTO_VALUE_ON_ZERO";
SET AUTOCOMMIT = 0;
START TRANSACTION;
SET time_zone = "+00:00";


/*!40101 SET @OLD_CHARACTER_SET_CLIENT=@@CHARACTER_SET_CLIENT */;
/*!40101 SET @OLD_CHARACTER_SET_RESULTS=@@CHARACTER_SET_RESULTS */;
/*!40101 SET @OLD_COLLATION_CONNECTION=@@COLLATION_CONNECTION */;
/*!40101 SET NAMES utf8mb4 */;

--
-- База данных: `courseproject`
--

-- --------------------------------------------------------

--
-- Структура таблицы `modellist`
--

CREATE TABLE `modellist` (
  `idmodellist` int(11) NOT NULL,
  `modelname` char(15) NOT NULL,
  `modelcapacity` int(11) NOT NULL
) ENGINE=InnoDB DEFAULT CHARSET=utf8;

--
-- Дамп данных таблицы `modellist`
--

INSERT INTO `modellist` (`idmodellist`, `modelname`, `modelcapacity`) VALUES
(1, 'EG-10', 157),
(2, 'EG-15', 235),
(3, 'EG-20', 313),
(4, 'EG-26', 407),
(5, 'EG-40', 626),
(6, 'EG-50', 783),
(7, 'EG-60', 939),
(8, 'EG-80', 1253),
(9, 'EG-100', 1566),
(10, 'EG-125', 1957),
(11, 'EG-154', 2349),
(12, 'EG-204', 3131),
(13, 'EG-254', 3914),
(14, 'EG-304', 4697),
(15, 'EG-354', 5480),
(16, 'EG-404', 6263),
(17, 'EG-504', 7829),
(18, 'EG-604', 9394),
(19, 'EG-704', 10960),
(20, 'EG-804', 12519),
(21, 'EG-1004', 15657),
(22, 'EG-1104', 17223),
(23, 'EG-1204', 18788),
(24, 'EG-1304', 20354);

-- --------------------------------------------------------

--
-- Структура таблицы `optionblock`
--

CREATE TABLE `optionblock` (
  `idoptionblock` int(11) NOT NULL,
  `optionblockname` varchar(50) NOT NULL
) ENGINE=InnoDB DEFAULT CHARSET=utf8;

--
-- Дамп данных таблицы `optionblock`
--

INSERT INTO `optionblock` (`idoptionblock`, `optionblockname`) VALUES
(5, 'Blowdown'),
(2, 'Burner'),
(7, 'Clayton feed water pump'),
(1, 'Economizer'),
(4, 'Generator controls & instrumentation'),
(6, 'Generator valves'),
(8, 'Noise reduction'),
(9, 'Operation without permanent supervision'),
(3, 'Separator steam/water');

-- --------------------------------------------------------

--
-- Структура таблицы `optionscost`
--

CREATE TABLE `optionscost` (
  `idmodellist` int(11) NOT NULL,
  `idoptionscost` int(11) NOT NULL,
  `optionscost` int(11) NOT NULL,
  `optionsinblock_idoptionsinblock` int(11) NOT NULL
) ENGINE=InnoDB DEFAULT CHARSET=utf8;

--
-- Дамп данных таблицы `optionscost`
--

INSERT INTO `optionscost` (`idmodellist`, `idoptionscost`, `optionscost`, `optionsinblock_idoptionsinblock`) VALUES
(1, 1, -1, 42),
(2, 2, -1, 42),
(3, 3, 2662, 42),
(4, 4, 2662, 42),
(5, 5, 2982, 42),
(6, 6, 2982, 42),
(7, 7, 4030, 42),
(8, 8, 5567, 42),
(9, 9, 5567, 42),
(10, 10, 5567, 42),
(11, 11, 11978, 42),
(12, 12, 11978, 42),
(13, 13, 11978, 42),
(14, 14, 11978, 42),
(15, 15, 11978, 42),
(16, 16, 13970, 42),
(17, 17, 13970, 42),
(18, 18, 18568, 42),
(19, 19, 21446, 42),
(20, 20, 21446, 42),
(21, 21, 30636, 42),
(22, 22, 30636, 42),
(23, 23, 45951, 42),
(24, 24, 45951, 42),
(1, 25, -1, 43),
(2, 26, -1, 43),
(3, 27, 929, 43),
(4, 28, 929, 43),
(5, 29, 929, 43),
(6, 30, 929, 43),
(7, 31, 929, 43),
(8, 32, 929, 43),
(9, 33, 929, 43),
(10, 34, 929, 43),
(11, 35, 929, 43),
(12, 36, 929, 43),
(13, 37, 929, 43),
(14, 38, 929, 43),
(15, 39, 929, 43),
(16, 40, 0, 43),
(17, 41, 0, 43),
(18, 42, 0, 43),
(19, 43, 0, 43),
(20, 44, 0, 43),
(21, 45, 0, 43),
(22, 46, 0, 43),
(23, 47, 0, 43),
(24, 48, 0, 43),
(1, 49, -1, 44),
(2, 50, -1, 44),
(3, 51, -1, 44),
(4, 52, -1, 44),
(5, 53, -1, 44),
(6, 54, -1, 44),
(7, 55, -1, 44),
(8, 56, -1, 44),
(9, 57, -1, 44),
(10, 58, -1, 44),
(11, 59, 25727, 44),
(12, 60, 25727, 44),
(13, 61, 25727, 44),
(14, 62, 30348, 44),
(15, 63, 30348, 44),
(16, 64, 36092, 44),
(17, 65, 36092, 44),
(18, 66, 40806, 44),
(19, 67, 41180, 44),
(20, 68, 41180, 44),
(21, 69, 58829, 44),
(22, 70, 58829, 44),
(23, 71, 63000, 44),
(24, 72, 63000, 44),
(1, 73, 6148, 45),
(2, 74, 6148, 45),
(3, 75, 6414, 45),
(4, 76, 6414, 45),
(5, 77, 7163, 45),
(6, 78, 7163, 45),
(7, 79, 8160, 45),
(8, 80, 8434, 45),
(9, 81, 8434, 45),
(10, 82, 8436, 45),
(11, 83, 0, 45),
(12, 84, 0, 45),
(13, 85, 0, 45),
(14, 86, 0, 45),
(15, 87, 0, 45),
(16, 88, 0, 45),
(17, 89, 0, 45),
(18, 90, 0, 45),
(19, 91, 0, 45),
(20, 92, 0, 45),
(21, 93, 0, 45),
(22, 94, 0, 45),
(23, 95, 0, 45),
(24, 96, 0, 45),
(1, 97, 0, 22),
(2, 98, 0, 22),
(3, 99, 0, 22),
(4, 100, 0, 22),
(5, 101, 0, 22),
(6, 102, 0, 22),
(7, 103, 0, 22),
(8, 104, 0, 22),
(9, 105, 0, 22),
(10, 106, 0, 22),
(11, 107, 2329, 22),
(12, 108, 2329, 22),
(13, 109, 2329, 22),
(14, 110, 2625, 22),
(15, 111, 2625, 22),
(16, 112, 3210, 22),
(17, 113, 3210, 22),
(18, 114, 3210, 22),
(19, 115, 3210, 22),
(20, 116, 3210, 22),
(21, 117, 4462, 22),
(22, 118, 4462, 22),
(23, 119, 4462, 22),
(24, 120, 4462, 22),
(1, 121, -1, 23),
(2, 122, -1, 23),
(3, 123, -1, 23),
(4, 124, -1, 23),
(5, 125, -1, 23),
(6, 126, -1, 23),
(7, 127, -1, 23),
(8, 128, -1, 23),
(9, 129, -1, 23),
(10, 130, -1, 23),
(11, 131, 5250, 23),
(12, 132, 5250, 23),
(13, 133, 5250, 23),
(14, 134, 5250, 23),
(15, 135, 5250, 23),
(16, 136, 5250, 23),
(17, 137, 5250, 23),
(18, 138, 5250, 23),
(19, 139, 5250, 23),
(20, 140, 5250, 23),
(21, 141, 5250, 23),
(22, 142, 5250, 23),
(23, 143, 5250, 23),
(24, 144, 5250, 23),
(1, 145, -1, 24),
(2, 146, -1, 24),
(3, 147, -1, 24),
(4, 148, -1, 24),
(5, 149, -1, 24),
(6, 150, -1, 24),
(7, 151, -1, 24),
(8, 152, -1, 24),
(9, 153, -1, 24),
(10, 154, -1, 24),
(11, 155, 3239, 24),
(12, 156, 3239, 24),
(13, 157, 3239, 24),
(14, 158, 3239, 24),
(15, 159, 3239, 24),
(16, 160, 4853, 24),
(17, 161, 4853, 24),
(18, 162, 4853, 24),
(19, 163, 4853, 24),
(20, 164, 4853, 24),
(21, 165, 7000, 24),
(22, 166, 7000, 24),
(23, 167, 7000, 24),
(24, 168, 7000, 24),
(1, 169, 1732, 25),
(2, 170, 1732, 25),
(3, 171, 1732, 25),
(4, 172, 1732, 25),
(5, 173, 1732, 25),
(6, 174, 1732, 25),
(7, 175, 1732, 25),
(8, 176, 1732, 25),
(9, 177, 1732, 25),
(10, 178, 1732, 25),
(11, 179, 1928, 25),
(12, 180, 1928, 25),
(13, 181, 1928, 25),
(14, 182, 1928, 25),
(15, 183, 1928, 25),
(16, 184, 1928, 25),
(17, 185, 1928, 25),
(18, 186, 1928, 25),
(19, 187, 1928, 25),
(20, 188, 1928, 25),
(21, 189, 1928, 25),
(22, 190, 1928, 25),
(23, 191, 1928, 25),
(24, 192, 1928, 25),
(1, 193, 1246, 26),
(2, 194, 1246, 26),
(3, 195, 1368, 26),
(4, 196, 1368, 26),
(5, 197, 1368, 26),
(6, 198, 1368, 26),
(7, 199, 3004, 26),
(8, 200, 3004, 26),
(9, 201, 3004, 26),
(10, 202, 3004, 26),
(11, 203, 2902, 26),
(12, 204, 3490, 26),
(13, 205, 3490, 26),
(14, 206, 3490, 26),
(15, 207, 3490, 26),
(16, 208, 3490, 26),
(17, 209, 3490, 26),
(18, 210, 3490, 26),
(19, 211, 3490, 26),
(20, 212, 3490, 26),
(21, 213, 8435, 26),
(22, 214, 8435, 26),
(23, 215, 8435, 26),
(24, 216, 8435, 26),
(1, 217, 4094, 27),
(2, 218, 4094, 27),
(3, 219, 4094, 27),
(4, 220, 4094, 27),
(5, 221, 4094, 27),
(6, 222, 4094, 27),
(7, 223, 4094, 27),
(8, 224, 4094, 27),
(9, 225, 4094, 27),
(10, 226, 4094, 27),
(11, 227, 0, 27),
(12, 228, 0, 27),
(13, 229, 0, 27),
(14, 230, 0, 27),
(15, 231, 0, 27),
(16, 232, 0, 27),
(17, 233, 0, 27),
(18, 234, 0, 27),
(19, 235, 0, 27),
(20, 236, 0, 27),
(21, 237, 0, 27),
(22, 238, 0, 27),
(23, 239, 0, 27),
(24, 240, 0, 27),
(1, 241, 930, 28),
(2, 242, 930, 28),
(3, 243, 930, 28),
(4, 244, 930, 28),
(5, 245, 930, 28),
(6, 246, 930, 28),
(7, 247, 930, 28),
(8, 248, 930, 28),
(9, 249, 930, 28),
(10, 250, 930, 28),
(11, 251, 930, 28),
(12, 252, 930, 28),
(13, 253, 930, 28),
(14, 254, 930, 28),
(15, 255, 930, 28),
(16, 256, 930, 28),
(17, 257, 930, 28),
(18, 258, 930, 28),
(19, 259, 930, 28),
(20, 260, 930, 28),
(21, 261, 930, 28),
(22, 262, 930, 28),
(23, 263, 930, 28),
(24, 264, 930, 28),
(1, 265, 7606, 29),
(2, 266, 7606, 29),
(3, 267, 7606, 29),
(4, 268, 7606, 29),
(5, 269, 7606, 29),
(6, 270, 7606, 29),
(7, 271, 7606, 29),
(8, 272, 7606, 29),
(9, 273, 7606, 29),
(10, 274, 7606, 29),
(11, 275, 3512, 29),
(12, 276, 3512, 29),
(13, 277, 3512, 29),
(14, 278, 3512, 29),
(15, 279, 3512, 29),
(16, 280, 3512, 29),
(17, 281, 3512, 29),
(18, 282, 3512, 29),
(19, 283, 3512, 29),
(20, 284, 3512, 29),
(21, 285, 3512, 29),
(22, 286, 3512, 29),
(23, 287, 3512, 29),
(24, 288, 3512, 29),
(1, 289, 0, 30),
(2, 290, 0, 30),
(3, 291, 0, 30),
(4, 292, 0, 30),
(5, 293, 0, 30),
(6, 294, 0, 30),
(7, 295, 0, 30),
(8, 296, 0, 30),
(9, 297, 0, 30),
(10, 298, 0, 30),
(11, 299, 0, 30),
(12, 300, 0, 30),
(13, 301, 0, 30),
(14, 302, 0, 30),
(15, 303, 0, 30),
(16, 304, 0, 30),
(17, 305, 0, 30),
(18, 306, 0, 30),
(19, 307, 0, 30),
(20, 308, 0, 30),
(21, 309, 0, 30),
(22, 310, 0, 30),
(23, 311, 0, 30),
(24, 312, 0, 30),
(1, 313, 1001, 31),
(2, 314, 1001, 31),
(3, 315, 1001, 31),
(4, 316, 1001, 31),
(5, 317, 1001, 31),
(6, 318, 1001, 31),
(7, 319, 1001, 31),
(8, 320, 1001, 31),
(9, 321, 1001, 31),
(10, 322, 1001, 31),
(11, 323, 798, 31),
(12, 324, 798, 31),
(13, 325, 798, 31),
(14, 326, 798, 31),
(15, 327, 798, 31),
(16, 328, 798, 31),
(17, 329, 798, 31),
(18, 330, 798, 31),
(19, 331, 798, 31),
(20, 332, 798, 31),
(21, 333, 798, 31),
(22, 334, 798, 31),
(23, 335, 798, 31),
(24, 336, 798, 31),
(1, 337, 794, 32),
(2, 338, 794, 32),
(3, 339, 794, 32),
(4, 340, 794, 32),
(5, 341, 794, 32),
(6, 342, 794, 32),
(7, 343, 794, 32),
(8, 344, 794, 32),
(9, 345, 794, 32),
(10, 346, 794, 32),
(11, 347, 794, 32),
(12, 348, 794, 32),
(13, 349, 794, 32),
(14, 350, 794, 32),
(15, 351, 794, 32),
(16, 352, 1169, 32),
(17, 353, 1169, 32),
(18, 354, 1169, 32),
(19, 355, 1169, 32),
(20, 356, 1169, 32),
(21, 357, 2055, 32),
(22, 358, 2055, 32),
(23, 359, 2055, 32),
(24, 360, 2055, 32),
(1, 361, 189, 33),
(2, 362, 189, 33),
(3, 363, 195, 33),
(4, 364, 195, 33),
(5, 365, 197, 33),
(6, 366, 197, 33),
(7, 367, 233, 33),
(8, 368, 270, 33),
(9, 369, 270, 33),
(10, 370, 270, 33),
(11, 371, 561, 33),
(12, 372, 561, 33),
(13, 373, 561, 33),
(14, 374, 561, 33),
(15, 375, 561, 33),
(16, 376, 630, 33),
(17, 377, 630, 33),
(18, 378, 2778, 33),
(19, 379, 2778, 33),
(20, 380, 2778, 33),
(21, 381, 2778, 33),
(22, 382, 2778, 33),
(23, 383, 2778, 33),
(24, 384, 2778, 33),
(1, 385, 99, 34),
(2, 386, 99, 34),
(3, 387, 231, 34),
(4, 388, 231, 34),
(5, 389, 231, 34),
(6, 390, 231, 34),
(7, 391, 269, 34),
(8, 392, 586, 34),
(9, 393, 586, 34),
(10, 394, 586, 34),
(11, 395, 986, 34),
(12, 396, 986, 34),
(13, 397, 986, 34),
(14, 398, 986, 34),
(15, 399, 986, 34),
(16, 400, 1813, 34),
(17, 401, 1813, 34),
(18, 402, 1813, 34),
(19, 403, 1813, 34),
(20, 404, 1813, 34),
(21, 405, 3949, 34),
(22, 406, 3949, 34),
(23, 407, 3949, 34),
(24, 408, 3949, 34),
(1, 409, 27, 35),
(2, 410, 27, 35),
(3, 411, 27, 35),
(4, 412, 27, 35),
(5, 413, 65, 35),
(6, 414, 65, 35),
(7, 415, 65, 35),
(8, 416, 425, 35),
(9, 417, 425, 35),
(10, 418, 425, 35),
(11, 419, 425, 35),
(12, 420, 425, 35),
(13, 421, 425, 35),
(14, 422, 425, 35),
(15, 423, 425, 35),
(16, 424, 850, 35),
(17, 425, 850, 35),
(18, 426, 850, 35),
(19, 427, 850, 35),
(20, 428, -1, 35),
(21, 429, -1, 35),
(22, 430, -1, 35),
(23, 431, -1, 35),
(24, 432, -1, 35),
(1, 433, -1, 36),
(2, 434, -1, 36),
(3, 435, -1, 36),
(4, 436, -1, 36),
(5, 437, 598, 36),
(6, 438, 598, 36),
(7, 439, 598, 36),
(8, 440, 598, 36),
(9, 441, 598, 36),
(10, 442, 598, 36),
(11, 443, 598, 36),
(12, 444, 598, 36),
(13, 445, 598, 36),
(14, 446, 598, 36),
(15, 447, 598, 36),
(16, 448, 1195, 36),
(17, 449, 1195, 36),
(18, 450, 1195, 36),
(19, 451, 1195, 36),
(20, 452, -1, 36),
(21, 453, -1, 36),
(22, 454, -1, 36),
(23, 455, -1, 36),
(24, 456, -1, 36),
(1, 457, -1, 37),
(2, 458, -1, 37),
(3, 459, -1, 37),
(4, 460, -1, 37),
(5, 461, 833, 37),
(6, 462, 833, 37),
(7, 463, 833, 37),
(8, 464, 833, 37),
(9, 465, 833, 37),
(10, 466, 833, 37),
(11, 467, 833, 37),
(12, 468, 833, 37),
(13, 469, 833, 37),
(14, 470, 833, 37),
(15, 471, 833, 37),
(16, 472, 1666, 37),
(17, 473, 1666, 37),
(18, 474, 1666, 37),
(19, 475, 1666, 37),
(20, 476, -1, 37),
(21, 477, -1, 37),
(22, 478, -1, 37),
(23, 479, -1, 37),
(24, 480, -1, 37),
(1, 481, -1, 38),
(2, 482, -1, 38),
(3, 483, -1, 38),
(4, 484, -1, 38),
(5, 485, -1, 38),
(6, 486, -1, 38),
(7, 487, -1, 38),
(8, 488, -1, 38),
(9, 489, -1, 38),
(10, 490, -1, 38),
(11, 491, 1627, 38),
(12, 492, 1627, 38),
(13, 493, -1, 38),
(14, 494, -1, 38),
(15, 495, -1, 38),
(16, 496, -1, 38),
(17, 497, -1, 38),
(18, 498, -1, 38),
(19, 499, -1, 38),
(20, 500, -1, 38),
(21, 501, -1, 38),
(22, 502, -1, 38),
(23, 503, -1, 38),
(24, 504, -1, 38),
(1, 505, -1, 39),
(2, 506, -1, 39),
(3, 507, -1, 39),
(4, 508, -1, 39),
(5, 509, -1, 39),
(6, 510, -1, 39),
(7, 511, -1, 39),
(8, 512, -1, 39),
(9, 513, -1, 39),
(10, 514, -1, 39),
(11, 515, -1, 39),
(12, 516, -1, 39),
(13, 517, 1627, 39),
(14, 518, 1627, 39),
(15, 519, 1627, 39),
(16, 520, 1928, 39),
(17, 521, 1928, 39),
(18, 522, 1928, 39),
(19, 523, 1928, 39),
(20, 524, 1928, 39),
(21, 525, 3474, 39),
(22, 526, 3474, 39),
(23, 527, 3474, 39),
(24, 528, 3474, 39),
(1, 529, 756, 40),
(2, 530, 756, 40),
(3, 531, 756, 40),
(4, 532, 756, 40),
(5, 533, 756, 40),
(6, 534, 756, 40),
(7, 535, 756, 40),
(8, 536, 756, 40),
(9, 537, 756, 40),
(10, 538, 756, 40),
(11, 539, 756, 40),
(12, 540, 756, 40),
(13, 541, 756, 40),
(14, 542, 756, 40),
(15, 543, 756, 40),
(16, 544, 756, 40),
(17, 545, 756, 40),
(18, 546, 756, 40),
(19, 547, 756, 40),
(20, 548, 756, 40),
(21, 549, 756, 40),
(22, 550, 756, 40),
(23, 551, 756, 40),
(24, 552, 756, 40),
(1, 553, 1311, 41),
(2, 554, 1311, 41),
(3, 555, 1311, 41),
(4, 556, 1311, 41),
(5, 557, 1311, 41),
(6, 558, 1311, 41),
(7, 559, 1311, 41),
(8, 560, 1311, 41),
(9, 561, 1311, 41),
(10, 562, 1311, 41),
(11, 563, 756, 41),
(12, 564, 756, 41),
(13, 565, 756, 41),
(14, 566, 756, 41),
(15, 567, 756, 41),
(16, 568, 756, 41),
(17, 569, 756, 41),
(18, 570, 756, 41),
(19, 571, 756, 41),
(20, 572, 756, 41),
(21, 573, 756, 41),
(22, 574, 756, 41),
(23, 575, 756, 41),
(24, 576, 756, 41);

-- --------------------------------------------------------

--
-- Структура таблицы `optionsinblock`
--

CREATE TABLE `optionsinblock` (
  `idoptionblock` int(11) NOT NULL,
  `optionsinblockname` varchar(100) NOT NULL,
  `idoptionsinblock` int(11) NOT NULL
) ENGINE=InnoDB DEFAULT CHARSET=utf8;

--
-- Дамп данных таблицы `optionsinblock`
--

INSERT INTO `optionsinblock` (`idoptionblock`, `optionsinblockname`, `idoptionsinblock`) VALUES
(3, '99.5% quality separator', 22),
(3, 'separator level control', 23),
(3, 'feed water preheater built-in', 24),
(4, 'add auxiliary controls in control panel', 25),
(4, 'remote start/stop', 26),
(4, 'PLC Schneider', 27),
(4, 'Schneider Ethernet communication module', 28),
(4, 'PLC Siemens', 29),
(4, 'Siemens PROFINET Communication Module', 30),
(4, 'stack exhaust temperature transducer', 31),
(5, 'time based blowdown', 32),
(6, 'generator valve kit', 33),
(6, 'generator steam outlet valve', 34),
(7, 'pump inlet valve', 35),
(7, 'oil level switch', 36),
(7, 'semi-closed system: cooling + inlet pulsation damper', 37),
(8, '85 dB(A) kit  at 1 m - free field', 38),
(8, '90 dB(A) kit  at 1 m - free field', 39),
(9, 'PED - EN12952-7 - max. 24 h', 40),
(9, 'PED - EN12952-7 - max. 72 h', 41),
(1, 'economizer', 42),
(1, 'economizer removed for shipment/installation', 43),
(2, 'low NOx execution', 44),
(2, 'modulating burner', 45);

-- --------------------------------------------------------

--
-- Структура таблицы `stgencost`
--

CREATE TABLE `stgencost` (
  `workingpress_idworkingpress` int(11) NOT NULL,
  `modellist_idmodellist` int(11) NOT NULL,
  `stgencost` int(11) NOT NULL
) ENGINE=InnoDB DEFAULT CHARSET=utf8;

--
-- Дамп данных таблицы `stgencost`
--

INSERT INTO `stgencost` (`workingpress_idworkingpress`, `modellist_idmodellist`, `stgencost`) VALUES
(6, 6, -6),
(6, 5, -5),
(6, 4, -4),
(6, 3, -3),
(6, 2, -2),
(6, 1, -1),
(1, 1, 20010),
(1, 2, 22334),
(1, 3, 25246),
(2, 1, 27893),
(1, 4, 29052),
(3, 1, 29166),
(2, 2, 30217),
(4, 1, 30254),
(3, 2, 31491),
(4, 2, 32819),
(2, 3, 33128),
(3, 3, 34395),
(5, 1, 35568),
(2, 4, 35921),
(4, 3, 36254),
(3, 4, 37155),
(5, 2, 38663),
(1, 5, 39849),
(4, 4, 40256),
(2, 5, 41868),
(5, 3, 42099),
(1, 6, 43335),
(3, 5, 43924),
(2, 6, 45516),
(5, 4, 45946),
(4, 5, 46206),
(1, 7, 47248),
(3, 6, 47807),
(2, 7, 49654),
(4, 6, 50204),
(3, 7, 52136),
(5, 5, 52932),
(1, 8, 55151),
(4, 7, 55958),
(5, 6, 57642),
(2, 8, 57691),
(3, 8, 60231),
(1, 9, 61275),
(4, 8, 62604),
(2, 9, 64398),
(3, 9, 67686),
(1, 10, 68222),
(5, 7, 69194),
(2, 10, 71677),
(4, 9, 72549),
(3, 10, 75309),
(5, 8, 77393),
(4, 10, 80704),
(5, 9, 89646),
(1, 11, 91332),
(2, 11, 93287),
(3, 11, 95290),
(4, 11, 99360),
(5, 10, 99723),
(1, 12, 99731),
(2, 12, 101850),
(3, 12, 104011),
(4, 12, 108427),
(1, 13, 112632),
(2, 13, 115006),
(6, 7, 117000),
(3, 13, 117431),
(4, 13, 122373),
(1, 14, 122627),
(5, 11, 123834),
(2, 14, 125230),
(6, 8, 127192),
(3, 14, 127889),
(4, 14, 133314),
(5, 12, 134938),
(1, 15, 141947),
(2, 15, 144939),
(6, 9, 147098),
(3, 15, 147998),
(5, 13, 152201),
(4, 15, 154230),
(6, 10, 155274),
(1, 16, 155976),
(2, 16, 159283),
(3, 16, 162658),
(5, 14, 166361),
(4, 16, 169541),
(6, 11, 177361),
(1, 17, 183687),
(2, 17, 187563),
(6, 12, 189020),
(3, 17, 191507),
(5, 15, 192340),
(4, 17, 199565),
(6, 13, 207287),
(5, 16, 217679),
(1, 18, 219502),
(6, 14, 222544),
(2, 18, 223666),
(3, 18, 228790),
(4, 18, 238366),
(5, 17, 250907),
(6, 15, 250909),
(1, 19, 256083),
(2, 19, 260949),
(3, 19, 266927),
(1, 20, 278034),
(4, 19, 278096),
(2, 20, 283315),
(5, 18, 287398),
(3, 20, 289806),
(4, 20, 301933),
(6, 16, 306431),
(5, 19, 335279),
(6, 17, 339506),
(1, 21, 363724),
(5, 20, 364017),
(6, 18, 370920),
(2, 21, 371132),
(3, 21, 380251),
(1, 22, 392822),
(4, 21, 397287),
(2, 22, 400824),
(6, 19, 402333),
(3, 22, 410672),
(1, 23, 421920),
(5, 21, 422362),
(4, 22, 429070),
(2, 23, 430514),
(6, 20, 436819),
(3, 23, 441089),
(1, 24, 451017),
(5, 22, 456150),
(4, 23, 460852),
(5, 23, 489940),
(2, 24, 497022),
(6, 21, 506832),
(3, 24, 509230),
(4, 24, 532046),
(6, 22, 547379),
(5, 24, 565625),
(6, 23, 587926),
(6, 24, 678748);

-- --------------------------------------------------------

--
-- Структура таблицы `workingpress`
--

CREATE TABLE `workingpress` (
  `idworkingpress` int(11) NOT NULL,
  `workingpress` int(11) NOT NULL
) ENGINE=InnoDB DEFAULT CHARSET=utf8;

--
-- Дамп данных таблицы `workingpress`
--

INSERT INTO `workingpress` (`idworkingpress`, `workingpress`) VALUES
(1, 7),
(2, 10),
(3, 13),
(4, 16),
(5, 25),
(6, 58);

--
-- Индексы сохранённых таблиц
--

--
-- Индексы таблицы `modellist`
--
ALTER TABLE `modellist`
  ADD PRIMARY KEY (`idmodellist`),
  ADD UNIQUE KEY `modelrangename_UNIQUE` (`modelname`),
  ADD UNIQUE KEY `modelcapacity_UNIQUE` (`modelcapacity`);

--
-- Индексы таблицы `optionblock`
--
ALTER TABLE `optionblock`
  ADD PRIMARY KEY (`idoptionblock`),
  ADD UNIQUE KEY `optionblockname_UNIQUE` (`optionblockname`);

--
-- Индексы таблицы `optionscost`
--
ALTER TABLE `optionscost`
  ADD PRIMARY KEY (`idoptionscost`),
  ADD KEY `fk_optionsinblock_has_modellist_modellist1_idx` (`idmodellist`),
  ADD KEY `fk_optionscost_optionsinblock1_idx` (`optionsinblock_idoptionsinblock`);

--
-- Индексы таблицы `optionsinblock`
--
ALTER TABLE `optionsinblock`
  ADD PRIMARY KEY (`idoptionsinblock`),
  ADD UNIQUE KEY `optionsinblockname_UNIQUE` (`optionsinblockname`),
  ADD KEY `fk_optionsinblock_optionblock1` (`idoptionblock`);

--
-- Индексы таблицы `stgencost`
--
ALTER TABLE `stgencost`
  ADD PRIMARY KEY (`workingpress_idworkingpress`,`modellist_idmodellist`),
  ADD UNIQUE KEY `stgencost_UNIQUE` (`stgencost`),
  ADD KEY `fk_workingpress_has_modellist_modellist2_idx` (`modellist_idmodellist`),
  ADD KEY `fk_workingpress_has_modellist_workingpress2_idx` (`workingpress_idworkingpress`);

--
-- Индексы таблицы `workingpress`
--
ALTER TABLE `workingpress`
  ADD PRIMARY KEY (`idworkingpress`),
  ADD UNIQUE KEY `idworkingpress_UNIQUE` (`idworkingpress`),
  ADD UNIQUE KEY `workingpress_UNIQUE` (`workingpress`);

--
-- AUTO_INCREMENT для сохранённых таблиц
--

--
-- AUTO_INCREMENT для таблицы `modellist`
--
ALTER TABLE `modellist`
  MODIFY `idmodellist` int(11) NOT NULL AUTO_INCREMENT, AUTO_INCREMENT=25;

--
-- AUTO_INCREMENT для таблицы `optionblock`
--
ALTER TABLE `optionblock`
  MODIFY `idoptionblock` int(11) NOT NULL AUTO_INCREMENT, AUTO_INCREMENT=10;

--
-- AUTO_INCREMENT для таблицы `optionscost`
--
ALTER TABLE `optionscost`
  MODIFY `idoptionscost` int(11) NOT NULL AUTO_INCREMENT, AUTO_INCREMENT=577;

--
-- AUTO_INCREMENT для таблицы `optionsinblock`
--
ALTER TABLE `optionsinblock`
  MODIFY `idoptionsinblock` int(11) NOT NULL AUTO_INCREMENT, AUTO_INCREMENT=46;

--
-- AUTO_INCREMENT для таблицы `workingpress`
--
ALTER TABLE `workingpress`
  MODIFY `idworkingpress` int(11) NOT NULL AUTO_INCREMENT, AUTO_INCREMENT=7;

--
-- Ограничения внешнего ключа сохраненных таблиц
--

--
-- Ограничения внешнего ключа таблицы `optionscost`
--
ALTER TABLE `optionscost`
  ADD CONSTRAINT `fk_optionscost_optionsinblock1` FOREIGN KEY (`optionsinblock_idoptionsinblock`) REFERENCES `optionsinblock` (`idoptionsinblock`) ON DELETE NO ACTION ON UPDATE CASCADE,
  ADD CONSTRAINT `fk_optionsinblock_has_modellist_modellist1` FOREIGN KEY (`idmodellist`) REFERENCES `modellist` (`idmodellist`) ON DELETE NO ACTION ON UPDATE CASCADE;

--
-- Ограничения внешнего ключа таблицы `optionsinblock`
--
ALTER TABLE `optionsinblock`
  ADD CONSTRAINT `fk_optionsinblock_optionblock1` FOREIGN KEY (`idoptionblock`) REFERENCES `optionblock` (`idoptionblock`) ON DELETE NO ACTION ON UPDATE CASCADE;

--
-- Ограничения внешнего ключа таблицы `stgencost`
--
ALTER TABLE `stgencost`
  ADD CONSTRAINT `fk_workingpress_has_modellist_modellist2` FOREIGN KEY (`modellist_idmodellist`) REFERENCES `modellist` (`idmodellist`) ON DELETE NO ACTION ON UPDATE CASCADE,
  ADD CONSTRAINT `fk_workingpress_has_modellist_workingpress2` FOREIGN KEY (`workingpress_idworkingpress`) REFERENCES `workingpress` (`idworkingpress`) ON DELETE NO ACTION ON UPDATE CASCADE;
COMMIT;

/*!40101 SET CHARACTER_SET_CLIENT=@OLD_CHARACTER_SET_CLIENT */;
/*!40101 SET CHARACTER_SET_RESULTS=@OLD_CHARACTER_SET_RESULTS */;
/*!40101 SET COLLATION_CONNECTION=@OLD_COLLATION_CONNECTION */;
